{"cameraMode":{"drawMode":0,"name":"Shaded","section":"Shading Mode"},"sceneLighting":false,"audioPlay":false,"sceneViewState":{"showFog":true,"showMaterialUpdate":false,"showSkybox":true,"showFlares":true,"showImageEffects":true,"showParticleSystems":true},"in2DMode":false,"pivot":{"x":-9.232873916625977,"y":-15.187788009643555,"z":3.2713563442230226},"rotation":{"x":-0.7521339654922485,"y":-0.008895319886505604,"z":0.010154427029192448,"w":-0.6588720083236694},"size":7.218631267547607,"orthographic":false}