{"cameraMode":{"drawMode":0,"name":"Shaded","section":"Shading Mode"},"sceneLighting":false,"audioPlay":false,"sceneViewState":{"showFog":true,"showMaterialUpdate":false,"showSkybox":false,"showFlares":true,"showImageEffects":true,"showParticleSystems":true},"in2DMode":false,"pivot":{"x":-9.232873916625977,"y":-15.187788009643555,"z":3.2713563442230226},"rotation":{"x":0.5071819424629211,"y":-0.19737592339515687,"z":-0.12057354301214218,"w":-0.8302293419837952},"size":1.2124963998794556,"orthographic":false}